,Project,Contributors
0,tensorflow,"['tensorflower-gardener', 'yongtang', 'gunan', 'mrry', 'River707', 'benoitsteiner', 'sanjoy', 'hawkinsp', 'caisq', 'jpienaar', 'allenlavoie', 'ebrevdo', 'qlzh727', 'alextp', 'mdanatg', 'mihaimaruseac', 'annarev', 'vrv', 'av8ramit', 'cheshire', 'jsimsa', 'andyly', 'smit-hinsu', 'akuegel', 'MarkDaoust', 'jaingaurav', 'asimshankar', 'martinwicke', 'nicolasvasilache', 'antiagainst', 'd0k', 'aaroey', 'joker-eph', 'jdduke', 'skye', 'ezhulenev', 'feihugis', 'fchollet', 'petewarden', 'suharshs', 'rohan100jain', 'rchao', 'pavithrasv', 'frankchn', 'liufengdb', 'advaitjain', 'deven-amd', 'ilblackdragon', 'ftynse', 'jhseu', 'tanzhenyu', 'lrdxgm', 'yunxing', 'saxenasaurabh', 'terrytangyuan', 'xiejw', 'yuefengz', 'bmzhao', 'reedwm', 'bixia1', 'miaout17', 'aaudiber', 'karimnosseir', 'renjie-liu', 'facaiy', 'crccw', 'timshen91', 'aselle', 'edloper', 'jianlijianli', 'ispirmustafa', 'trevor-m', 'ukoxyz', 'gargn', 'andrewharp', 'vnvo2409', 'omalleyt12', 'k-w-w', 'pifon2a', 'nouiz', 'nairb774', 'chsigg', 'abattery', 'lattner', 'sherhut', 'psrivas2', 'bjacob', 'multiverse-tf', 'blakehechtman', 'jart', 'iganichev', 'majnemer', 'superbobry', 'girving', 'rachellim', 'dsmilkov', 'zhangyaobit', 'kaixih', 'angerson', 'samikama']"
1,Ecto,"['josevalim', 'ericmj', 'michalmuskala', 'wojtekmach', 'laurocaetano', 'whatyouhide', 'fishcakez', 'joshnuss', 'tony612', 'Enders', 'gjaldon', 'qcam', 'parkerl', 'MSch', 'AndrewDryga', 'briksoftware', 'nathanl', 'jeregrine', 'zoldar', 'thiagoarrais', 'TanYewWei', 'mitchellhenke', 'lexmag', 'Erol', 'mathieuprog', 'alco', 'LostKobrakai', 'shhavel', 'Tica2', 'pma', 'Dania02525', 'sorentwo', 'maartenvanvliet', 'jazzyb', 'gusaiani', 'fertapric', 'Gazler', 'zachdaniel', 'v0idpwn', 'arcz', 'toraritte', 'shdblowers', 'radar', 'maxim', 'liveforeverx', 'lau', 'eniolopes', 'chrismccord', 'bcardarella', 'atsheehan', 'yuyabee', 'thojanssens', 'mbuhot', 'jquadrino', 'henrik', 'fuelen', 'dallincrane', 'balexand', 'alanpeabody', 'TheFirstAvenger', 'yrashk', 'xcambar', 'wkhere', 'vladshcherbin', 'sumerman', 'slashmili', 'simonprev', 'shankardevy', 'mobileoverlord', 'john-vinters', 'jayjun', 'ishikawa', 'hubertlepicki', 'hauleth', 'ericentin', 'elielhaouzi', 'dokie', 'danielfarrell', 'blatyo', 'bartekupartek', 'axelson', 'alexauritt', 'KronicDeth', 'JustMikey', 'Eiji7', 'yordis', 'wandarkaf', 'thiamsantos', 'princemaple', 'pawurb', 'msaraiva', 'moxley', 'lukaszsamson', 'epilgrim', 'davydog187', 'bgentry', 'azizk', 'alexfreska', 'OvermindDL1', '304']"
2,CockroachDB,"['tbg', 'knz', 'petermattis', 'nvanbenschoten', 'tamird', 'RaduBerinde', 'andreimatei', 'jordanlewis', 'bdarnell', 'benesch', 'dt', 'yuzefovich', 'mjibson', 'a-robinson', 'danhhz', 'ajwerner', 'vivekmenezes', 'spencerkimball', 'otan', 'BramGruneir', 'andy-kimball', 'asubiotto', 'couchand', 'rytaft', 'rohany', 'koorosh', 'irfansharif', 'mgartner', 'kkaneda', 'pbardea', 'lucy-zhang', 'rafiss', 'solongordon', 'itsbilal', 'elkmaster', 'spaskob', 'miretskiy', 'adityamaru', 'sumeerbhola', 'andybons', 'jseldess', 'jayshrivastava', 'lgo', 'arulajmani', 'nathanstilwell', 'DrewKimball', 'jeffrey-xiao', 'd4l3k', 'jbowens', 'RichardJCai', 'richardwu', 'dhartunian', 'bobvawter', 'ajkr', 'adityamaru27', 'aayushshah15', 'yaojingguo', 'celiala', 'hueypark', 'windchan7', 'a6802739', 'lnhsingh', 'jlinder', 'es-chow', 'eriktrinh', 'darinpp', 'erikgrinaker', 'kenjikaneda', 'Azhng', 'changangela', 'petermattis-square', 'georgeutsin', 'lunevalex', 'heyihong', 'taroface', 'neeral', 'g3orgia', 'apantel', 'angelapwen', 'C0rWin', 'mneverov', 'embark', 'dianasaur323', 'cuongdo', 'cathymw', 'Anzoteh96', 'sploiselle', 'abhishek20123g', 'Amruta-Ranade', 'savoie', 'jess-edwards', 'giorgosp', 'ericharmeling', 'emsal1863', 'vrongmeal', 'thschroeter', 'thundercw', 'mvijaykarthik', 'joezxy', 'jamesgraves']"
3,appsmith,"['mohanarpit', 'Nikhil-Nandagopal', 'hetunandu', 'trishaanand', 'riodeuno', 'sharat87', 'vicky-primathon', 'satbir121', 'akash-codemonk', 'sumitsum', 'devrk96', 'NandanAnantharamu', 'ofpiyush', 'rashmigowda55', 'Nikhil-Curefit', 'jsartisan', 'rishabhsaxena', 'areyabhishek', 'nidhi-nair', 'RashmiNagarajp', 'sumanthyedoti', 'Adityaacharya1807', 'pc9795', 'geekup-legodevops', 'jyash97', 'daniloff200', 'daniel-shuy', 'akshay11298', 'vvkpd', 'sunil-codemonk', 'shinnlok', 'pric-appsmith', 'manish535', 'acharyaaditya18', 'ThakurKarthik', 'MartinTuroci', 'A-Scratchy', 'prapullac', 'nuwan94', 'akbansa', 'OmkarPh', 'Jain-Sanchit', 'wasabigeek', 'visibleajay', 'srijanshetty', 'reachtokish', 'pushkar1393', 'paususe', 'neok', 'loiscodes', 'justjamesdev', 'jrcamelo', 'jmakhack', 'jack1142', 'ishaanmehta4', 'geek-nupur', 'deepakchethan', 'blenderskool', 'avats-dev', 'ashwanisindhu1', 'ari-hacks', 'apoorv-mishra', 'alphaX86', 'Sufiyan1997', 'Saket2', 'Nitesh2905', 'Nandanha', 'JeffResc', 'Caitlin-Fotheringham']"
4,name-suggestion-index,"['bhousel', 'tas50', 'sguinetti', 'matkoniecz', 'ENT8R', 'kjonosm', '1ec5', 'UKChris-osm', 'Adamant36', 'Identitaet', 'doublah', 'Robot8A', 'maxerickson', 'mds08011', 'bmillemathias', 'hanchao', 'good-praxis', 'ArenaL5', 'aaronlidman', 'RickeyRichards', 'peternewman', 'tohaklim', 'mparrault', 'RobinLinde', 'michaelblyons', 'andrewharvey', 'eigenbrot', 'MASangys', 'xeluna', 'sinclarius', 'bkissin', 'Vesihiisi', 'AnjaliGGeetha', 'kreed', 'simonpoole', 'Olyon', 'coderbeetle', 'United600', 'yoasif', 'willemarcel', 'quincylvania', 'TheDynamicPunk', 'desiderantes', 'Sukkoria', 'Karthoo', 'mneko', 'hikemaniac', 'britiger', 'DavidMoraisFerreira', 'xhika', 'matthijsmelissen', 'jarek', 'hernandez87v', 'mguaylambert', 'londonjob', 'camelCaseNick', 'Binnette', 'thilinatnt', 'modaserMoj', 'kirandash', 'jleedev', 'danielsjf', 'FloEdelmann', 'Cj-Malone', 'thibaultmol', 'orangegrove1955', 'mraguso2', 'matthewlw', 'marceloabk', 'luisluigi639', 'Syarol', 'ImreSamu', 'Bitha007', 'AlbyIanna', 'pushkar1393', 'pkoby', 'ldw606', 'higa4', 'dieterwarson', 'amous4822', 'Tubaleviao', 'NMVikings', 'y0nd3rb0y', 'klswcz', 'johanricher', 'hfs', 'habi', 'evansiroky', 'azheng4119', 'Tck13', 'Johnnybar', 'Contrib1043', 'tordans', 'sommerluk', 'nlehuby', 'lyndic', 'danjamesyee', 'VJ1224', 'PrimeN']"
5,Ember.js,"['rwjblue', 'wagenet', 'stefanpenner', 'krisselden', 'chancancode', 'bekzod', 'wycats', 'ebryn', 'Turbo87', 'chadhietala', 'pzuraq', 'mmun', 'kategengler', 'mixonic', 'locks', 'ef4', 'tricknotes', 'trek', 'machty', 'twokul', 'jtaby', 'dgeb', 'cibernox', 'tomdale', 'joliss', 'teddyzeenny', 'Serabe', 'lukemelia', 'pangratz', 'smfoote', 'GavinJoyce', 'simonihmig', 'hjdivad', 'jbrown', 'bmac', 'tilde-engineering', 'thoov', 'jayphelps', 'tchak', 'mitchlloyd', 'duggiefresh', 'martndemus', 'jenweber', 'HeroicEric', 'btecu', 'kellyselden', 'rondale-sc', 'ppcano', 'asakusuma', 'alexspeller', 'toddjordan', 'lifeart', 'artemgurzhii', 'MelSumner', 'bradleypriest', 'Gaurav0', 'mehulkar', 'digitaltoad', 'csantero', 'Dhaulagiri', 'sly7-7', 'raytiley', 'eventualbuddha', 'EricSchank', 'zackthehuman', 'xg-wang', 'seanpdoyle', 'raycohen', 'nathanhammond', 'sebastianseilund', 'josemarluedke', 'bantic', 'xtian', 'vsopvsop', 'slindberg', 'ro0gr', 'marcioj', 'ghempton', 'snewcomer', 'scalvert', 'gpoitch', 'bradfol', 'mike-north', 'johanneswuerbach', 'dependabot-preview[bot]', 'darthdeus', 'sdebarros', 'fivetanley', 'eviltrout', 'bcardarella', 'YoranBrondsema', 'runspired', 'patsy-issa', 'patricksrobertson', 'edtsech', 'Frozenfire92', 'rwwagner90', 'kanongil', 'jamescdavis', 'chriskrycho']"
6,Ember.js Data,"['runspired', 'bmac', 'stefanpenner', 'wycats', 'rwjblue', 'igorT', 'pangratz', 'wecc', 'tricknotes', 'tchak', 'HeroicEric', 'snewcomer', 'Gaurav0', 'sly7-7', 'bradleypriest', 'wagenet', 'Turbo87', 'tomdale', 'dcyriller', 'efx', 'hjdivad', 'ppcano', 'teddyzeenny', 'knownasilya', 'fivetanley', 'seanpdoyle', 'locks', 'pete-the-pete', 'abuiles', 'joliss', 'ghempton', 'lukemelia', 'dmuneras', 'ebryn', 'bantic', 'pixelhandler', 'mixonic', 'dependabot[bot]', 'ryanto', 'cibernox', 'bekzod', 'alexspeller', 'balinterdi', 'alexander-alvarez', 'jbrown', 'pieter-v', 'dgeb', 'courajs', 'zinyando', 'thomasboyt', 'sduquej', 'sbatson5', 'rondale-sc', 'makepanic', 'danmcclain', 'cyril-sf', 'acorncom', 'ZenCocoon', 'yratanov', 'tstirrat', 'tonywok', 'sandstrom', 'lolmaus', 'kellyselden', 'jrjohnson', 'johanneswuerbach', 'jagthedrummer', 'greyhwndz', 'enyo', 'eccegordo', 'ctataryn', 'bobbus', 'SergeAstapov', 'Serabe', 'H1D', 'Dhaulagiri', 'BryanCrotaz', 'yohanmishkin', 'whatthewhat', 'trevorrjohn', 'toranb', 'svox1', 'sivakumar-kailasam', 'rajasegar', 'nragaz', 'nlfurniss', 'kennethlarsen', 'dwickern', 'duggiefresh', 'dandehavilland', 'craigteegarden', 'chadhietala', 'asakusuma', 'artych', 'amiel', 'acburdine', 'NullVoxPopuli', 'Kuzirashi', 'Kerrick', 'dependabot-preview[bot]']"
7,freeCodeCamp,"['QuincyLarson', 'sahat', 'raisedadead', 'Bouncey', 'terakilobyte', 'ojeytonwilliams', 'benmcmahon100', 'RandellDawson', 'erictleung', 'abhisekp', 'ValeraS', 'SaintPeter', 'scissorsneedfoodtoo', 'ahmadabdolsaheb', 'moT01', 'ltegman', 'BerkeleyTrue', 'Manish-Giri', 'bugron', 'thecodingaviator', 'dhcodes', 'greenkeeperio-bot', 'Greenheart', 'AryanJ-NYC', 'vtamara', 'greggubarev', 'BKinahan', 'justinian336', 'beaucarnes', 'no-stack-dub-sack', 'systimotic', 'jonathan-grah', 'alvinkl', 'iamrajiv', 'CleoAguiar', 'natac13', 'Nirajn2311', 'ShaunSHamilton', 'alistermada', 'ZhichengChen', 'darthmeme', 'BTmathic', 'lasjorg', 'huyenltnguyen', 'dokkillo', 'nhcarrigan', 'NitronR', 'patsul12', 'ezioda004', 'arku', 'HKuz', 'DDaems', 'issyl0', 'JoolsMcFly', 'AshNaz87', 'tywmick', 'jbmartinez', 'elcodex', 'cmccormack', 'vkWeb', 'joel-bentley', 'alanbares', 'JosephLivengood', 'lipis', 'sahilkhurana19', 'josectello', 'brandenbyers', 'MiloATH', 'MGenteluci', 'Vimal-Raghubir', 'Twaha-Rahman', 'TheCaffeineDev', 'z0x0936', 'joshalling', 'hassaanp', 'gforce2k5', 'brenoxav', 'aulisius', 'alexch', 'aldraco', 'aditijoshi14', 'SudhakarKuma', 'GeneralZero', 'Em-Ant', 'tchaffee', 'dmytroyarmak', 'LenaBarinova', 'Ethan-Arrowood', 'Dana94', 'AdrianSkar', 'tcyrus', 'schalkneethling', 'robbawebba', 'ptsurbeleu', 'pbnj', 'michael-krebs', 'igorhideki', 'bannon-tanner', 'AungMyoKyaw', 'dependabot[bot]']"
8,pdf.js,"['Snuffleupagus', 'yurydelendik', 'timvandermeij', 'brendandahl', 'vingtetun', 'notmasteryet', 'jviereck', 'arturadib', 'andreasgal', 'Rob--W', 'joneschrisg', 'kkujala', 'sayrer', 'saebekassebil', 'nnethercote', 'calixteman', 'fkaelberer', 'vyv03354', 'mduan', 'justindarc', 'gigaherz', 'p01', 'xavier114fch', 'janpe2', 'wojtekmaj', 'CodingFabian', 'jbuck', 'Haebaru', 'mukulmishra18', 'pramodhkp', 'benbro', 'tamuratak', 'bthorben', 'waddlesplash', 'merkste', 'mgol', 'igstan', 'xlc', 'mitar', 'rhendric', 'piotrex', 'fitojb', 'tobytailor', 'moderation', 'cpeterso', 'chriskr', 'SehyunPark', 'SSk123', 'swznd', 'petercpg', 'mcorb', 'likewyssmanas', 'jwagner79', 'himanish-star', 'escapewindow', 'emilio', 'dsprenkels', 'TimothyGu', 'Schildkroete', 'ManasJayanth', 'ydfzgyj', 'vivin', 'terurou', 'staktrace', 'sriram-dev', 'msujaws', 'mrqzzz', 'max-schaefer', 'loftux', 'jsg2021', 'jmathies', 'ioskar', 'gavinsharp', 'debloper', 'andreasbovens', 'amccreight', 'allstarschh', 'TheoChevalier', 'THausherr', 'Standard8', 'Pimm', 'MaMazav', 'Hengjie', 'BeatWolf', 'utopianknight', 'tsilvap', 'thejdeep', 'shikhar-scs', 'morille', 'manolopm', 'jordan-thoms', 'gijsk', 'georgf', 'emalysz', 'dmitryskey', 'apoorv-mishra', 'ThomasdenH', 'RonLek', 'Archaeopteryx']"
9,Next.js,"['Timer', 'timneutkens', 'ijjk', 'arunoda', 'nkzawa', 'lfades', 'greenkeeper[bot]', 'rauchg', 'Janpot', 'HaNdTriX', 'greenkeeperio-bot', 'styfle', 'guybedford', 'huv1k', 'impronunciable', 'dav-is', 'chibicode', 'todortotev', 'leo', 'lucleray', 'prateekbh', 'matamatanot', 'janicklas-ralph', 'giuseppeg', 'darshkpatel', 'sergiodxa', 'rafaelalmeidatk', 'devknoll', 'brikou', 'oliviertassinari', 'developit', 'atcastle', 'vvo', 'sebastianbenz', 'leerob', 'jamesmosier', 'yhirano55', 'kpdecker', 'nataliemarleny', 'Tomekmularczyk', 'sedubois', 'kachkaev', 'resir014', 'jesstelford', 'jaydenseric', 'christianalfoni', 'awareness481', 'andersonleite', 'JeromeFitz', 'ykzts', 'lukeed', 'arcanis', 'aranajhonny', 'mottox2', 'merceyz', 'maxigimenez', 'jthegedus', 'Enalmada', 'tywmick', 'taylorbryant', 'ptomasroos', 'khattakdev', 'j0lv3r4', 'ismamz', 'housseindjirdeh', 'adamsoffer', 'TrySound', 'timoxley', 'robinweser', 'lifeiscontent', 'lachlanjc', 'karlhorky', 'jensmeindertsma', 'jamesgeorge007', 'garmeeh', 'balazsorban44', 'ztanner', 'teleginzhenya', 'stephenmathieson', 'sheerun', 'scull7', 'sarovin', 'pkellner', 'piglovesyou', 'oBusk', 'kylemh', 'felixmosh', 'crutchcorn', 'cncolder', 'bbortt', 'alexandernanberg', 'IanMitchell', 'DullReferenceException', 'yakovlevyuri', 'samrobbins85', 'rdimaio', 'ludofischer', 'gr-qft', 'dylanjha', 'HelloRusk']"
10,cdnjs,"['PeterBot', 'robocdnjs', 'PeterDaveHello', 'thomasdavis', 'maruilian11', 'ryankirkman', 'pvnr0082t', 'Amomo', 'extend1994', 'sufuf3', 'kennynaoh', 'sashberd', 'MattIPv4', 'Piicksarn', 'x09326', 'drewfreyling', 'Lockyc', 'LeaYeh', 'hare1039', 'dakshshah96', 'xrmx', 'clairetsai818', 'JGallardo', 'jackdoyle', 'dannyxx001', 'codler', 'jdalton', 'rwjblue', 'nolsherry', 'kaocy', 'hebbet', 'iwdmb', 'kyrylo', 'k4r1suma', 'gavinhungry', 'eryx', 'IonicaBizau', 'gfranko', 'pwnall', 'mattpodwysocki', 'juliusrickert', 'josdejong', 'haferje', 'the-cdnjs-curator', 'DmitrySharabin', 'koggdal', 'KZeni', 'wdamien', 'finch185277', 'alfredwassermann', 'terrymun', 'leonardehrenfried', 'wyuenho', 'Gioyik', 'xtuc', 'kirintwn', 'bayandin', 'wittemann', 'victorjonsson', 'agourlay', 'yang', 'mkoryak', 'meltingice', 'jasny', 'akuechl', 'GrahamCampbell', 'zpao', 'serkanyersen', 'ppavlov', 'moderation', 'kroman0', 'ScottEAdams', 'NiniHsu', 'linagee', 'jensarps', 'flowersinthesand', 'emmenko', 'dfreedm', 'ai', 'wmh', 'robert-hoffmann', 'petrgazarov', 'kpdecker', 'joshmcrty', 'fleeting', 'erichiggins', 'dada0423', 'arshaw', 'tomalec', 'tengyifei', 'pkozlowski-opensource', 'nrbgt', 'jrief', 'johnpapa', 'isaackwan', 'davidtmiller', 'clkao', 'TalAter', 'LuckyPigeon', 'Billy4195']"
11,stryker,"['nicojs', 'simondel', 'dependabot[bot]', 'strykermutator-npa', 'Archcry', 'mthmulders', 'kmdrGroch', 'philippw', 'dependabot-preview[bot]', 'bharaninb', 'JoshuaKGoldberg', 'Garethp', 'ollelauribostrom', 'mshogren', 'hugo-vrijswijk', 'avassem85', 'Userbit', 'tommilligan', 'sharikovvladislav', 'mscharley', 'gugacavalieri', 'ankon', 'Tummerhore', 'GeorgeWL', 'wijtserekker', 'nstapelbroek', 'korthout', 'jmpresso', 'bobvandenberge', 'Wmaarts', 'MrFix93', 'Kattoor', 'JellePetersHAN', 'Djaler', 'xurei', 'wmeints', 'webdevian', 'wannesvr', 'vird', 'sprengerjo', 'roelandvanbatenburg', 'richdouglasevans', 'rbadr', 'mwilliamson', 'mattacus', 'marcelvdh', 'lucaslago', 'liquorvicar', 'legopiraat', 'josecolella', 'idanen', 'hrb90', 'hitzi', 'brunoqueiros', 'bicep', 'avdg', 'apalaniuk', 'andy128k', 'aivopaas', 'adrianheine', 'YoeriVD', 'RobertBroersma', 'RobDWaller', 'Omhet', 'MarktHart', 'LayZeeDK', 'Lakitna', 'KaiDoering', 'HVish', 'DanielSauve', 'DanielRuf', 'D-Ig', 'Be-ngt-oH']"
12,Brave Browser,"['brave-browser-releases', 'bridiver', 'mihaiplesa', 'bbondy', 'mkarolin', 'kjozwiak', 'simonhong', 'LaurenWags', 'mbacchi', 'fmarier', 'bsclifton', 'jumde', 'petemill', 'srirambv', 'yrliou', 'diracdeltas', 'darkdh', 'SergeyZhukovsky', 'linhkikuchi', 'emerick', 'RyanJarv', 'AlexeyBarabash', 'samartnik', 'NejcZdovc', 'garrettr', 'bkero', 'ryanml', 'mariospr', 'kylehickinson', 'posix4e', 'pes10k', 'kevinlawler', 'hferreiro', 'antonok-edm', 'Jacalz', 'spinda', 'iefremov', 'hcaw', 'cezaraugusto', 'FabianoLothor', 'vitorgalvao', 'tomaThomas', 'sclaire-1', 'safinsingh', 'rossmoody', 'riastradh-brave', 'ltilve', 'keur', 'jseidl', 'jonathansampson', 'jamesgeorge007', 'gerardo-junior', 'evq', 'bwignall', 'aspala', 'akarshanbiswas', 'adriandgr', 'PatOnTheBack', 'Miyayes', 'FWDekker']"
13,Fastify,"['delvedor', 'mcollina', 'allevo', 'StarpTech', 'jsumners', 'Eomm', 'nwoltman', 'greenkeeper[bot]', 'cemremengu', 'fralonra', 'RafaelGSS', 'Ethan-Arrowood', 'zekth', 'sebdeckers', 'lucamaraschi', 'SerayaEryn', 'trivikr', 'kibertoad', 'fox1t', 'smartiniOnGitHub', 'jeromemacias', 'L2jLiga', 'salmanm', 'lependu', 'evanshortiss', 'ShogunPanda', 'lmammino', 'gj', 'vincent178', 'xtx1130', 'alex-ppg', 'SkeLLLa', 'thomheymann', 'sigkell', 'nbalduzzi', 'mafintosh', 'kuritkaj', 'dnlup', 'dalisoft', 'coreyfarrell', 'clarkdo', 'alemagio', 'xom9ikk', 'paolochiodi', 'nm-infy', 'lyquocnam', 'lundibundi', 'joelmukuthu', 'jinwoo', 'hsynlms', 'exequiel09', 'adrai', 'MetCoder95', 'BigMurry', 'zmeyc', 'yamalight', 'seriousme', 'mixecan', 'mahmed8003', 'lolo32', 'lidongjies', 'kevinrambaud', 'jineshshah36', 'jannikkeye', 'greguz', 'darkgl0w', 'cagataycali', 'PavelPolyakov', 'NickNaso', 'Jelenkee', 'GlenTiki', 'yuchi', 'voxpelli', 'tikotzky', 'thomasyuan', 'thomasthiebaud', 'sojohnnysaid', 'puzpuzpuz', 'puchesjr', 'pgcalixto', 'patrickpissurno', 'mcchrish', 'mattmazzola', 'leorossi', 'israeleriston', 'ghinks', 'danielberndt', 'cpylua', 'chonla', 'chengluyu', 'amitguptagwl', 'admataz', 'VigneshMurugan', 'TheNoim', 'Svjard', 'PacoDu', 'Arnovsky', '0xsuid']"
14,SirixDB,[]
15,Hoppscotch,"['liyasthomas', 'AndrewBastin', 'jamesgeorge007', 'dmitryyankowski', 'NBTX', 'nickpalenchar', 'reefqi037', 'izerozlu', 'hosseinnedaee', 'JacobAnavisca', 'carlos-ds', 'leomp12', 'TheHollidayInn', 'yubathom', 'nityanandagohain', 'athul', 'pmankar', 'levrik', 'edisonaugusthy', 'LeoMartinDev', 'vlad0337187', 'hariaakash', 'sboulema', 'larouxn', 'abraham', 'yq314', 'thomasbnt', 'realabbas', 'pushrbx', 'piraces', 'moonrailgun', 'mateusppereira', 'joelcamus', 'guastallaigor', 'gopishankarharidas', 'exussum12', 'YasiOnFire', 'Hydrophobefireman', 'GustavoBezerra', 'williamsp', 'wahwahid', 'tonybatty', 'tetri', 'snyk-bot', 'saswatamcode', 'johnhenry', 'jeffsieu', 'jameslahm', 'hantianwei', 'gabschne', 'farhan-tariq', 'elonmir', 'bsinky', 'breno-pereira', 'NileshSP', 'NJannasch', 'Ldoppea', 'EdikWang', 'Daniellunsc', 'AliAnilKocak', '9j', 'vitorcx', 'ushuz', 'tiagofilipesilva', 'thierrydev', 'silentmatt', 'shtakai', 'shalika10', 'sebastianwd', 'peterpeterparker', 'perseveringman', 'patidar-jaishree', 'orthros', 'neilveil', 'mrkunal', 'moulik-deepsource', 'monkeywithacupcake', 'luthrap', 'konradkalemba', 'khalby786', 'jgroom33', 'hmtanbir', 'guptajyoti845', 'guchongxi', 'florinmirosnicencu', 'cchalop1', 'caneco', 'amitdash291', 'allthesignals', 'adlpaf', 'adevr', 'ZattWine', 'Rafi993', 'Nikita240', 'NicoPennec', 'MattJarman', 'HerbertChu']"
16,Symfony,"['fabpot', 'nicolas-grekas', 'xabbuh', 'webmozart', 'Tobion', 'chalasr', 'Seldaek', 'ogizanagi', 'vicb', 'stof', 'ro0NL', 'dunglas', 'lyrixx', 'weaverryan', 'kriswallsmith', 'jakzal', 'derrabus', 'schmittjoh', 'javiereguiluz', 'wouterj', 'fancyweb', 'yceruto', 'jderusse', 'pborreli', 'romainneutron', 'stloyd', 'lsmith77', 'HeahDude', 'Simperfit', 'aitboudad', 'hason', 'Nyholm', 'sroze', 'igorw', 'jmikola', 'jfsimon', 'beberlei', 'OskarStark', 'GuilhemN', 'jschaedl', 'jwage', 'willdurand', 'greg0ire', 'vudaltsov', 'ornicar', 'maidmaid', 'mpdude', 'asm89', 'stealth35', 'eriksencosta', 'dosten', 'pierredup', 'kbond', 'umpirsky', 'avalanche123', 'ostrolucky', 'dmaicher', 'keradus', 'Koc', 'tgalopin', 'bamarni', '1ed', 'saro0h', 'everzet', 'peterrehm', 'kalessil', 'francisbesset', 'dlsniper', 'pulzarraider', 'ericclemmons', 'mweimerskirch', 'craue', 'canni', 'snc', 'enumag', 'issei-m', 'yethee', 'l-vo', 'aboks', 'GromNaN', 'dbu', 'csarrazi', 'cordoval', 'GrahamCampbell', 'hidenorigoto', 'havvg', 'jalliot', 'brikou', 'lmcd', 'franmomu', 'alexpott', 'sstok', 'shieldo', 'lenar', 'SpacePossum', 'Herzult', 'phansys', 'noniagriconomie', 'merk', 'arnaud-lb']"
17,PrestaShop,"['rGaillard', 'zuk3975', 'vAugagneur', 'boubkerbribri', 'raphaelMalie', 'sarjon', 'NinjaOfWeb', 'jolelievre', 'julienbourdeau', 'PierreRambaud', 'maximebiloe', 'djfm', 'Quetzacoalt91', 'tomas862', 'bmancone', 'mickaelandrieu', 'aleeks', 'eternoendless', 'nesrineabdmouleh', 'matks', 'vchabot', 'Shipow', 'Asenar', 'matthieu-rolland', 'sfroment', 'rokaszygmantas', 'xBorderie', 'NeOMakinG', 'jocel1', 'tchauviere', 'sLorenzini', 'PululuK', 'kelu95', 'Progi1984', 'emilien-puget', 'thierrymarianne', 'tomlev', 'PrestaEdit', 'FabienSerny', 'JevgenijVisockij', 'xGouley', 'atomiix', 'nihco2', 'Shudrum', 'vschoener', 'tdavidsonas88', 'AlexEven', 'MathiasReker', 'antoin-m', 'LittleBigDev', 'fouratachour', 'sowbiba', 'fatmaBouchekoua', 'firstred', 'mBertholino', 'SimonGrn', 'RaimondasSapola', 'prestamodule', 'kpodemski', 'YeLnatSs', 'alegout', 'davidglezz', 'LouiseBonnard', 'indesign47', 'michaelKaefer', 'Lathanao', 'kompilorb', 'TMMeilleur', 'marionf', 'unlocomqx', 'CaptainYouz', 'Shine-neko', 'toutantic', 'jf-viguier', 'guestisp', 'ks129', 'arouiadib', 'paeddl', 'Hlavtox', 'SebBareyre', '202-ecommerce', 'fchellypresta', 'Amit-Kumar-Tiwari-Webkul', 'okom3pom', 'creack', 'Caleydon', 'dkarvounaris', 'antho-girard', 'axometeam', 'rblaurin', 'mvorisek', 'Matt75', 'LucasC', 'erouvier29', 'YosraAk', 'ksaandev', 'Nobodaddy', 'prestarocket', 'mcdado', 'idnovate']"
18,BorgBackup,"['ThomasWaldmann', 'enkore', 'jborg', 'anarcat', 'fantasya-pbem', 'textshell', 'milkey-mouse', 'Abogical', 'jdchristensen', 'Gu1nness', 'hansmi', 'SanskritFritz', 'PlasmaPower', 'ypid', 'sourcejedi', 'jrast', 'motwok', 'm3nu', 'finefoot', 'Ape', 'rugk', 'perguth', 'edgewood', 'c4rlo', 'yagebu', 'elho', 'bket', 'htgoebel', 'funkyfuture', 'RonnyPfannschmidt', 'LocutusOfBorg', 'Alexander-N', 'step21', 'rciorba', 'leo-b', 'imsodin', 'edgimar', 'wolfpackmars2', 'takluyver', 'sersorrel', 'pyhalov', 'oxiedi', 'amikula', 'FelixSchwarz', 'wshanks', 'verygreen', 'rumpelsepp', 'rot13', 'ntova', 'narendravardi', 'nachtgeist', 'luke-jr', 'lfos', 'kmq', 'jungle-boogie', 'jhemmje', 'jeffrizzo', 'icefoxen', 'gkleen', 'dannyedel', 'TBurchfield', 'xor-gate', 'wzyboy', 'wormingdead', 'user062', 'tgharold', 'svx', 'strager', 'skorokithakis', 'sherbang', 'saurvs', 'samuel-w', 'russelldavis', 'rupertdev', 'rpodgorny', 'pgerber', 'nomeata', 'mgee', 'lfam', 'jrtc27', 'jbms', 'ipha', 'infectormp', 'dragetd', 'donnyward', 'dnnr', 'cherouvim', 'camh-', 'alfredo08154711', 'adept', 'Voltara', 'Silvenga', 'Samuel-BF', 'Lapin0t', 'JaCoB1123', 'Herover', 'Ernest0x', '0x022b', 'schors', 'd5h']"
19,Pytest,"['hpk42', 'nicoddemus', 'blueyed', 'RonnyPfannschmidt', 'bluetech', 'asottile', 'benjaminp', 'flub', 'The-Compiler', 'thisch', 'hackebrot', 'bubenkoff', 'jeffreyrack', 'andras-tim', 'jurko-gospodnetic', 'kalekundert', 'gnikonorov', 'feuillemorte', 'altendky', 'msabramo', 'jaraco', 'Turbo87', 'Tadaboody', 'tomviner', 'symonk', 'MichaelAquilina', 'palaviv', 'hugovk', 'davidszotten', 'pfctdayelise', 'graingert', 'tonybaloney', 'omarkohl', 'takluyver', 'skylarjhdownes', 'brianmaissy', 'Zac-HD', 'cacoze', 'Carreau', 'wimglenn', 's0undt3ch', 'AvdN', 'steffenschroeder', 'alysivji', 'timhoffm', 'stevepiercy', 'obestwalter', 'kvas-it', 'hartym', 'tom-dalton-fanduel', 'pedronis', 'hroncok', 'goodboy', 'jhunkeler', 'verhovsky', 'segevfiner', 'mbyt', 'lancelote', 'ionelmc', 'cmecklenborg', 'Elizaveta239', 'witsch', 'sallner', 'piotrhm', 'pelme', 'mdboom', 'lesteve', 'georgeyk', 'eolo999', 'decentral1se', 'caramelomartins', 'aselus-hub', 'antonblr', 'HolgerPeters', 'xuanluong', 'sankt-petersbug', 'pbanaszkiewicz', 'mcsitter', 'maiksensi', 'jeffwidman', 'jdufresne', 'hunse', 'fschulze', 'earonesty', 'drothlis', 'davehunt', 'cb109', 'avirlrma', 'arel', 'DahlitzFlorian', 'zupermanzupereroe', 'srinivasreddy', 'scop', 'mdickinson', 'fzarifian', 'ceridwen', 'aparamon', 'CarycaKatarzyna', 'AnjoMan']"
20,pandas,"['wesm', 'jreback', 'jbrockmendel', 'jorisvandenbossche', 'TomAugspurger', 'gfyoung', 'simonjayhawkins', 'cpcloud', 'sinhrks', 'mroeschke', 'adamklein', 'topper-123', 'changhiskhan', 'WillAyd', 'ShaharNaveh', 'datapythonista', 'jschendel', 'jtratner', 'dsaxton', 'orbitfold', 'phofl', 'alimcmaster1', 'toobaz', 'hayd', 'jseabold', 'charlesdong1991', 'h-vetinari', 'chris-b1', 'MarcoGorelli', 'lodagro', 'arw2019', 'SaturnFromTitan', 'bashtage', 'qwhelan', 'mortada', 'rhshadrach', 'behzadnouri', 'ivanovmg', 'takluyver', 'fangchenli', 'kawochen', 'Komnomnomnom', 'Dr-Irv', 'reidy-p', 'shoyer', 'bwignall', 'makbigc', 'jankatins', 'dsm054', 'rockg', 'gliptak', 'yarikoptic', 'immerrr', 'evanpw', 'davidastephens', 'stephenwlin', 'JustinZhengBC', 'thoo', 'danielballan', 'FHaase', 'twoertwein', 'minggli', 'ganevgv', 'Licht-T', 'ryankarlos', 'erfannariman', 'lexual', 'danbirken', 'avinashpancham', 'Moisan', 'AlexKirko', 'unutbu', 'kshedden', 'farhanreynaldo', 'saurav-chakravorty', 'roberthdevries', 'onesandzeroes', 'fujiaxiang', 'xhochy', 'snth', 'seth-p', 'parthea', 'ihsansecer', 'gwrome', 'nbonnotte', 'invisibleroads', 'discort', 'willpeppo', 'vaibhavhrt', 'toddrjen', 'sglyon', 'peterpanmj', 'neirbowj', 'max-sixty', 'llllllllll', 'kernc', 'cancan101', 'aflaxman', 'tommyod', 'terrytangyuan']"
21,ArviZ,"['aloctavodia', 'ahartikainen', 'canyon289', 'OriolAbril', 'ColCarroll', 'percygautam', 'agustinaarroyuelo', 'MFreidank', 'Ban-zee', 'nitishp25', 'rpgoldman', 'fehiepsi', 'amukh18', 'AustinRochford', 'Volodymyrk', 'AlexAndorra', 'sethaxen', 'kyleabeauchamp', 'gentlerainsky', 'tomicapretto', 'smit-s', 'michaelosthege', 'mattboggess', 'junpenglao', 'ari-hacks', 'RaulPL', 'twiecki', 'obi1kenobi', 'michaelnowotny', 'justinbois', 'hectormz', 'aseyboldt', 'anzelpwj', 'Samasth', 'GWeindel', 'yaochitc', 'sergiuser1', 'sameshl', 'rohitsanj', 'neha-shah99', 'mpadge', 'malmaud', 'kinverarity1', 'karink520', 'jscarbor', 'jeffpollock9', 'gimbo', 'fonnesbeck', 'daeh', 'chucklesoclock', 'brandonwillard', 'bantmen', 'arfon', 'arabidopsis', 'abhisht51', 'VincentBt', 'StanczakDominik', 'Shashankjain12', 'LegrandNico', 'Justin-1993', 'JoanRosell']"
22,PublicLab.org,[]
23,Ruby on Rails,"['tenderlove', 'dhh', 'jeremy', 'kamipo', 'rafaelfranca', 'fxn', 'josevalim', 'josh', 'amatsuda', 'carlosantoniodasilva', 'y-yagi', 'lifo', 'spastorino', 'senny', 'jonleighton', 'sgrif', 'vijaydev', 'kaspth', 'NZKoz', 'pixeltrix', 'miloops', 'georgeclaghorn', 'technoweenie', 'eileencodes', 'drogus', 'vipulnsward', 'prathamesh-sonpatki', 'arunagw', 'radar', 'wycats', 'guilleiguaran', 'jamis', 'bogdanvlviv', 'matthewd', 'maclover7', 'schneems', 'chancancode', 'yui-knk', 'kennyj', 'seckar', 'yahonda', 'sikachu', 'robin850', 'mikel', 'arthurnn', 'zzak', 'claudiob', 'eugeneius', 'jhawthorn', 'jonathanhefner', 'lukaszx0', 'yhirano55', 'smartinez87', 'javan', 'fcheung', 'tgxworld', 'lest', 'oscardelben', 'gbuesing', 'steveklabnik', 'joshk', 'bogdan', 'brynary', 'utilum', 'byroot', 'sstephenson', 'gmcgibbon', 'avakhov', 'FooBarWidget', 'Edouard-chin', 'JuanitoFatas', 'meinac', 'kirs', 'jasonnoble', 'gsamokovarov', 'jaimeiniesta', 'wangjohn', 'koic', 'rizwanreza', 'kuldeepaggarwal', 'leonbreedt', 'ernie', 'abhaynikam', 'rsim', 'seuros', 'gaurish', 'rohit', 'goncalossilva', 'nashby', 'jonatack', 'dmathieu', 'thedarkone', 'marcandre', 'tarmo', 'dasch', 'robertomiranda', 'cassiomarques', 'cristianbica', 'p8', 'amitsuroliya']"
24,Matestack,"['jonasjabari', 'pascalwengerter', 'PragTob', 'fiedl', 'cameronnorman', 'michaelrevans', 'marcoroth', 'bdlb77', 'stiwwelll', 'lumisce', 'sigfriedCub1990', 'mayanktap', 'borref', 'aguynamedryan', 'GrantBarry', 'Manukam', 'tae8838', 'citizen428', 'bkmgit', 'fig', 'NdotHenning', 'MarcoBomfim', '3wille']"
25,Servo,"['Ms2ger', 'emilio', 'jdm', 'SimonSapin', 'nox', 'Manishearth', 'pcwalton', 'servo-wpt-sync', 'frewsxcv', 'brson', 'gw3583', 'bholley', 'ferjm', 'mbrubeck', 'upsuper', 'heycam', 'paulrouget', 'tetsuharuohzeki', 'mrobinson', 'metajack', 'kmcallister', 'BorisChiou', 'CYBAI', 'canova', 'KiChjang', 'Eijebong', 'brunoabinader', 'gterzian', 'larsbergstrom', 'wafflespeanut', 'cbrewster', 'kunalmohan', 'pyfisch', 'notriddle', 'pylbrecht', 'jgraham', 'samfoo', 'mmatyas', 'UK992', 'bzbarsky', 'dzbarsky', 'pshaughn', 'zakorgy', 'nnethercote', 'marmeladema', 'aneeshusa', 'MortimerGoro', 'brendanzab', 'mttr', 'birtles', 'atouchet', 'shinglyu', 'anholt', 'saschanaz', 'georgeroman', 'tigercosmos', 'Adenilson', 'stshine', 'eefriedman', 'jryans', 'Darkspirit', 'yichoi', 'mmeyerho', 'ceyusa', 'izgzhen', 'kwonoj', 'cgaebel', 'MatsPalmgren', 'GuillaumeGomez', 'ksh8281', 'michaelwu', 'bjwbell', 'utsavoza', 'dadaa', 'jonleighton', 'aethanyc', 'froydnj', 'murphm8', 'june0cho', 'splav', 'recrack', 'dati91', 'connorimes', 'dlrobertson', 'ILyoan', 'nikomatsakis', 'chenpighead', 'psdh', 'nerith', 'lpy', 'Xanewok', 'ChrisParis', 'nikhilshagri', 'Permutatrix', 'vvuk', 'fabricedesre', 'dsandeephegde', 'creativcoder', 'CJKu']"
26,TypeScript,"['ahejlsberg', 'sheetalkamat', 'andy-ms', 'sandersn', 'DanielRosenwasser', 'mhegazy', 'weswigham', 'rbuckton', 'vladima', 'CyrusNajmabadi', 'RyanCavanaugh', 'csigs', 'JsonFreeman', 'a-tarasyuk', 'amcasey', 'andrewbranch', 'typescript-bot', 'uniqueiniquity', 'aozgaa', 'Kingwl', 'ajafff', 'saschanaz', 'yuit', 'tinganho', 'jramsay', 'billti', 'orta', 'armanio123', 'riknoll', 'bigaru', 'JoshuaKGoldberg', 'DickvdBrink', 'danquirk', 'jessetrinity', 'elibarzilay', 'HerringtonDarkholme', 'jack-williams', 'chrisbubernak', 'YuichiNukiyama', 'ivogabe', 'minestarks', 'ShyykoSerhiy', 'vvakame', 'mprobst', 'basarat', 'Arnavion', 'Jack-Works', 'AbubakerB', 'mattmccutchen', 'dragomirtitian', 'fuafa', 'evansb', 'SeaRyanC', 'rflorian', 'calebsander', 'caitp', 'mihailik', 'hoanhtien', 'charlespierce', 'ahmad-farid', 'ShuiRuTian', 'mjbvz', 'kpreisser', 'j-oliveras', 'andrejbaran', 'zspitz', 'masaeedu', 'jwbay', 'github-john-doe', 'dbaeumer', 'collin5', 'cedvdb', 'about-code', 'uhyo', 'plantain-00', 'vilic', 'mrcrane', 'kmashint', 'henrymercer', 'alexeagle', 'TravCav', 'nojvek', 'jablko', 'dsherret', 'delta-nry', 'NaridaL', 'styfle', 'sparecycles', 'joscha', 'ikatyang', 'ds300', 'dhruvrajvanshi', 'arusakov', 'MartyIX', 'ExE-Boss', 'minajevs', 'jtbandes', 'bmeurer', 'Zzzen', 'Knagis']"
