,Base,Fork Ahead
0,https://github.com/arduosoft/RawCMS/,https://github.com/29parthi/RawCMS
1,https://github.com/arduosoft/RawCMS/,https://github.com/5l1v3r1/RawCMS
2,https://github.com/arduosoft/RawCMS/,https://github.com/AaqibAhamed/RawCMS
3,https://github.com/arduosoft/RawCMS/,https://github.com/ajaffer91/RawCMS
4,https://github.com/arduosoft/RawCMS/,https://github.com/azimifarbehzad/RawCMS
5,https://github.com/arduosoft/RawCMS/,https://github.com/binick/RawCMS
6,https://github.com/arduosoft/RawCMS/,https://github.com/chan18/RawCMS
7,https://github.com/arduosoft/RawCMS/,https://github.com/chriswmercer/RawCMS
8,https://github.com/arduosoft/RawCMS/,https://github.com/davidce/RawCMS
9,https://github.com/arduosoft/RawCMS/,https://github.com/dimi3tron/RawCMS
10,https://github.com/arduosoft/RawCMS/,https://github.com/dontbecypher16/RawCMS
11,https://github.com/arduosoft/RawCMS/,https://github.com/Francesco-DV/RawCMS
12,https://github.com/arduosoft/RawCMS/,https://github.com/francoismg/RawCMS
13,https://github.com/arduosoft/RawCMS/,https://github.com/geoinca/RawCMS
14,https://github.com/arduosoft/RawCMS/,https://github.com/heizerbalazs/RawCMS
15,https://github.com/arduosoft/RawCMS/,https://github.com/imanishbarnwal/RawCMS
16,https://github.com/arduosoft/RawCMS/,https://github.com/ittyabrehman/RawCMS
17,https://github.com/arduosoft/RawCMS/,https://github.com/justindbaur/RawCMS
18,https://github.com/arduosoft/RawCMS/,https://github.com/Kayla312/RawCMS
19,https://github.com/arduosoft/RawCMS/,https://github.com/keggyy/RawCMS
20,https://github.com/arduosoft/RawCMS/,https://github.com/kevinsalimi/RawCMS
21,https://github.com/arduosoft/RawCMS/,https://github.com/madelinemilagros/RawCMS
22,https://github.com/arduosoft/RawCMS/,https://github.com/mahdi/RawCMS
23,https://github.com/arduosoft/RawCMS/,https://github.com/majidazn/RawCMS
24,https://github.com/arduosoft/RawCMS/,https://github.com/meJevin/RawCMS
25,https://github.com/arduosoft/RawCMS/,https://github.com/mmutiso/RawCMS
26,https://github.com/arduosoft/RawCMS/,https://github.com/Morojs/RawCMS
27,https://github.com/arduosoft/RawCMS/,https://github.com/petrogavriluk/RawCMS
28,https://github.com/arduosoft/RawCMS/,https://github.com/pradeepradyumna/RawCMS
29,https://github.com/arduosoft/RawCMS/,https://github.com/takint/RawCMS
30,https://github.com/arduosoft/RawCMS/,https://github.com/Tjersland/RawCMS
31,https://github.com/arduosoft/RawCMS/,https://github.com/Trent-Farley/RawCMS
32,https://github.com/arduosoft/RawCMS/,https://github.com/tuanva/RawCMS
33,https://github.com/arduosoft/RawCMS/,https://github.com/Zombie-Technology/RawCMS
34,https://github.com/shouldly/shouldly/,https://github.com/alex-fomin/shouldly
35,https://github.com/shouldly/shouldly/,https://github.com/arashjfz/shouldly
36,https://github.com/shouldly/shouldly/,https://github.com/asgerhallas/shouldly
37,https://github.com/shouldly/shouldly/,https://github.com/benchabot/shouldly
38,https://github.com/shouldly/shouldly/,https://github.com/ber2go/shouldly
39,https://github.com/shouldly/shouldly/,https://github.com/bmpj13/shouldly
40,https://github.com/shouldly/shouldly/,https://github.com/tiagobalm/shouldly
41,https://github.com/shouldly/shouldly/,https://github.com/brntsllvn/shouldly
42,https://github.com/shouldly/shouldly/,https://github.com/caleb-vear/shouldly
43,https://github.com/shouldly/shouldly/,https://github.com/clairernovotny/shouldly
44,https://github.com/shouldly/shouldly/,https://github.com/dahvyd/shouldly-1
45,https://github.com/shouldly/shouldly/,https://github.com/dtchepak/shouldly
46,https://github.com/shouldly/shouldly/,https://github.com/dvkudr/shouldly
47,https://github.com/shouldly/shouldly/,https://github.com/elyassaf/shouldly
48,https://github.com/shouldly/shouldly/,https://github.com/Haneen96/shouldly
49,https://github.com/shouldly/shouldly/,https://github.com/JakeGinnivan/shouldly
50,https://github.com/shouldly/shouldly/,https://github.com/JakenVeina/shouldly
51,https://github.com/shouldly/shouldly/,https://github.com/james00harper/shouldly
52,https://github.com/shouldly/shouldly/,https://github.com/jnm2/shouldly
53,https://github.com/shouldly/shouldly/,https://github.com/JosephWoodward/shouldly
54,https://github.com/shouldly/shouldly/,https://github.com/jpoehls/shouldly
55,https://github.com/shouldly/shouldly/,https://github.com/JulienFiaffe/shouldly
56,https://github.com/shouldly/shouldly/,https://github.com/loneosama/shouldly
57,https://github.com/shouldly/shouldly/,https://github.com/Majdi-web/shouldly
58,https://github.com/shouldly/shouldly/,https://github.com/mattdotmatt/shouldly
59,https://github.com/shouldly/shouldly/,https://github.com/pierskarsenbarg/shouldly
60,https://github.com/shouldly/shouldly/,https://github.com/relentless/shouldly
61,https://github.com/shouldly/shouldly/,https://github.com/RodgerLeblanc/shouldly
62,https://github.com/shouldly/shouldly/,https://github.com/saiphanish/shouldly
63,https://github.com/shouldly/shouldly/,https://github.com/scpeterson/shouldly
64,https://github.com/shouldly/shouldly/,https://github.com/SebastianWojciechowski/shouldly
65,https://github.com/shouldly/shouldly/,https://github.com/thecodeite/shouldly
66,https://github.com/shouldly/shouldly/,https://github.com/vorou/shouldly
67,https://github.com/shouldly/shouldly/,https://github.com/whortleberrybearer/shouldly
68,https://github.com/shouldly/shouldly/,https://github.com/zeedunk/shouldly
69,https://github.com/neovim/neovim/,https://github.com/7belrhalmia/neovim
70,https://github.com/neovim/neovim/,https://github.com/abhishekkumar-/neovim
71,https://github.com/neovim/neovim/,https://github.com/AcidLeroy/neovim
72,https://github.com/neovim/neovim/,https://github.com/adamlamers/neovim
73,https://github.com/neovim/neovim/,https://github.com/agscala/neovim
74,https://github.com/neovim/neovim/,https://github.com/ahe01/neovim
75,https://github.com/neovim/neovim/,https://github.com/akavel/neovim
76,https://github.com/neovim/neovim/,https://github.com/akelson/neovim
77,https://github.com/neovim/neovim/,https://github.com/aktau/neovim
78,https://github.com/neovim/neovim/,https://github.com/ZyX-I/neovim
79,https://github.com/neovim/neovim/,https://github.com/alysbrooks/neovim
80,https://github.com/neovim/neovim/,https://github.com/anatol/neovim
81,https://github.com/neovim/neovim/,https://github.com/assemblical/neovim
82,https://github.com/neovim/neovim/,https://github.com/bbejot/neovim
83,https://github.com/neovim/neovim/,https://github.com/benekastah/neovim
84,https://github.com/neovim/neovim/,https://github.com/bfredl/neovim
85,https://github.com/neovim/neovim/,https://github.com/brunobeltran/neovim
86,https://github.com/neovim/neovim/,https://github.com/capitnflam/neovim
87,https://github.com/neovim/neovim/,https://github.com/Carreau/neovim
88,https://github.com/neovim/neovim/,https://github.com/cepko33/neovim
89,https://github.com/neovim/neovim/,https://github.com/charlie-wong/neovim
90,https://github.com/neovim/neovim/,https://github.com/charlieb/neovim
91,https://github.com/neovim/neovim/,https://github.com/chielk/neovim
92,https://github.com/neovim/neovim/,https://github.com/chocolatemelt/neovim
93,https://github.com/neovim/neovim/,https://github.com/ciarand/neovim
94,https://github.com/neovim/neovim/,https://github.com/cpadilla/neovim
95,https://github.com/neovim/neovim/,https://github.com/cpuserf/neovim
96,https://github.com/neovim/neovim/,https://github.com/crondog/neovim
97,https://github.com/neovim/neovim/,https://github.com/davidbeckingsale/neovim
98,https://github.com/neovim/neovim/,https://github.com/davidgranstrom/neovim
99,https://github.com/neovim/neovim/,https://github.com/davidlindenbaum/neovim
100,https://github.com/neovim/neovim/,https://github.com/daynin/neovim
101,https://github.com/neovim/neovim/,https://github.com/erdincay/neovim
102,https://github.com/neovim/neovim/,https://github.com/Dissonant-Tech/neovim
103,https://github.com/neovim/neovim/,https://github.com/DorianGray/neovim
104,https://github.com/neovim/neovim/,https://github.com/dougschneider/neovim
105,https://github.com/neovim/neovim/,https://github.com/dpelle/neovim
106,https://github.com/neovim/neovim/,https://github.com/Mailaender/neovim
107,https://github.com/neovim/neovim/,https://github.com/dwb/neovim
108,https://github.com/neovim/neovim/,https://github.com/elleryq/neovim
109,https://github.com/neovim/neovim/,https://github.com/engywook/neovim
110,https://github.com/neovim/neovim/,https://github.com/epmatsw/neovim
111,https://github.com/neovim/neovim/,https://github.com/fracting/neovim
112,https://github.com/neovim/neovim/,https://github.com/euclio/neovim
113,https://github.com/neovim/neovim/,https://github.com/ExProbitasFiducia/neovim
114,https://github.com/neovim/neovim/,https://github.com/fbrosda/neovim
115,https://github.com/neovim/neovim/,https://github.com/fflorent/neovim
116,https://github.com/neovim/neovim/,https://github.com/fofore/neovim
117,https://github.com/neovim/neovim/,https://github.com/frayedknot/neovim
118,https://github.com/neovim/neovim/,https://github.com/g-erson/neovim
119,https://github.com/neovim/neovim/,https://github.com/Gaelan/neovim
120,https://github.com/neovim/neovim/,https://github.com/gitustc/neovim
121,https://github.com/neovim/neovim/,https://github.com/Grimy/neovim
122,https://github.com/neovim/neovim/,https://github.com/hanshenu/neovim
123,https://github.com/neovim/neovim/,https://github.com/hemmer/neovim
124,https://github.com/neovim/neovim/,https://github.com/henadzit/neovim
125,https://github.com/neovim/neovim/,https://github.com/horvatj/neovim
126,https://github.com/neovim/neovim/,https://github.com/HungMingWu/neovim
127,https://github.com/neovim/neovim/,https://github.com/hxlshz/neovim
128,https://github.com/neovim/neovim/,https://github.com/icetan/neovim
129,https://github.com/neovim/neovim/,https://github.com/danielb2/neovim
130,https://github.com/neovim/neovim/,https://github.com/ilesm/neovim
131,https://github.com/neovim/neovim/,https://github.com/iperry/neovim
132,https://github.com/neovim/neovim/,https://github.com/italoag/neovim
133,https://github.com/neovim/neovim/,https://github.com/Jascha36/neovim
134,https://github.com/neovim/neovim/,https://github.com/jdiez17/neovim
135,https://github.com/neovim/neovim/,https://github.com/jgouly/neovim
136,https://github.com/neovim/neovim/,https://github.com/jimhester/neovim
137,https://github.com/neovim/neovim/,https://github.com/keenhenry/neovim
138,https://github.com/neovim/neovim/,https://github.com/kimat/neovim
139,https://github.com/neovim/neovim/,https://github.com/klusark/neovim
140,https://github.com/neovim/neovim/,https://github.com/kumarvvr/neovim
141,https://github.com/neovim/neovim/,https://github.com/LambdaP/neovim
142,https://github.com/neovim/neovim/,https://github.com/laserswald/neovim
143,https://github.com/neovim/neovim/,https://github.com/leonardehrenfried/neovim
144,https://github.com/neovim/neovim/,https://github.com/lkelley/neovim
145,https://github.com/neovim/neovim/,https://github.com/lucashn/neovim
146,https://github.com/neovim/neovim/,https://github.com/lyuts/neovim
147,https://github.com/neovim/neovim/,https://github.com/MarcWeber/neovim
148,https://github.com/neovim/neovim/,https://github.com/michaelflaherty/neovim
149,https://github.com/neovim/neovim/,https://github.com/ming-codes/neovim
150,https://github.com/neovim/neovim/,https://github.com/mkarges/neovim
151,https://github.com/neovim/neovim/,https://github.com/Motardo/neovim
152,https://github.com/neovim/neovim/,https://github.com/mtayler/neovim
153,https://github.com/neovim/neovim/,https://github.com/nate00/neovim
154,https://github.com/neovim/neovim/,https://github.com/nwkj86/neovim
155,https://github.com/neovim/neovim/,https://github.com/oakes/neovim
156,https://github.com/neovim/neovim/,https://github.com/ony/neovim
157,https://github.com/neovim/neovim/,https://github.com/pajamapants3000/neovim
158,https://github.com/neovim/neovim/,https://github.com/petwho/neovim
159,https://github.com/neovim/neovim/,https://github.com/phmarek/neovim
160,https://github.com/neovim/neovim/,https://github.com/pjambet/neovim
161,https://github.com/neovim/neovim/,https://github.com/pragmb/neovim
162,https://github.com/neovim/neovim/,https://github.com/puweilan/neovim
163,https://github.com/neovim/neovim/,https://github.com/pvinis/neovim
164,https://github.com/neovim/neovim/,https://github.com/qvacua/neovim
165,https://github.com/neovim/neovim/,https://github.com/rainerborene/neovim
166,https://github.com/neovim/neovim/,https://github.com/rmosse/neovim
167,https://github.com/neovim/neovim/,https://github.com/rowhit/neovim
168,https://github.com/neovim/neovim/,https://github.com/rsalmaso/neovim
169,https://github.com/neovim/neovim/,https://github.com/sanmiguel/neovim
170,https://github.com/neovim/neovim/,https://github.com/sethkontny/neovim
171,https://github.com/neovim/neovim/,https://github.com/shipmanu/neovim
172,https://github.com/neovim/neovim/,https://github.com/shrivedog/neovim
173,https://github.com/neovim/neovim/,https://github.com/simula67/neovim
174,https://github.com/neovim/neovim/,https://github.com/skawouter/neovim
175,https://github.com/neovim/neovim/,https://github.com/sp5/neovim
176,https://github.com/neovim/neovim/,https://github.com/stvndf/neovim
177,https://github.com/neovim/neovim/,https://github.com/superjer/neovim
178,https://github.com/neovim/neovim/,https://github.com/tamagokun/neovim
179,https://github.com/neovim/neovim/,https://github.com/tarsiswt/neovim
180,https://github.com/neovim/neovim/,https://github.com/TheSoftwareGuy/neovim
181,https://github.com/neovim/neovim/,https://github.com/thynson/neovim
182,https://github.com/neovim/neovim/,https://github.com/tjdevries/neovim
183,https://github.com/neovim/neovim/,https://github.com/Tourountzis/neovim
184,https://github.com/neovim/neovim/,https://github.com/vito-c/neovim
185,https://github.com/neovim/neovim/,https://github.com/vyagushe/neovim
186,https://github.com/neovim/neovim/,https://github.com/wpapper/neovim
187,https://github.com/neovim/neovim/,https://github.com/wzin/neovim
188,https://github.com/neovim/neovim/,https://github.com/xieyunzi/neovim
189,https://github.com/neovim/neovim/,https://github.com/XIIISins/neovim
190,https://github.com/neovim/neovim/,https://github.com/xuwupeng2000/neovim
191,https://github.com/neovim/neovim/,https://github.com/Yamakaky/neovim
192,https://github.com/neovim/neovim/,https://github.com/Zashas/neovim
193,https://github.com/neovim/neovim/,https://github.com/zhongxingzhi/neovim
194,https://github.com/neovim/neovim/,https://github.com/zigen/neovim
195,https://github.com/Marusyk/grok.net/,https://github.com/euronay/grok.net
196,https://github.com/Marusyk/grok.net/,https://github.com/iBlackShadow/grok.net
197,https://github.com/Marusyk/grok.net/,https://github.com/Justin-Lloyd/grok.net
198,https://github.com/Marusyk/grok.net/,https://github.com/leo2d/grok.net
199,https://github.com/Marusyk/grok.net/,https://github.com/musinit/grok.net
200,https://github.com/Marusyk/grok.net/,https://github.com/odinnou/grok.net
201,https://github.com/Marusyk/grok.net/,https://github.com/pareshjoshi/grok.net
202,https://github.com/Marusyk/grok.net/,https://github.com/tgspn/grok.net
203,https://github.com/OpenRA/OpenRA/,https://github.com/14thFortnight/OpenRA
204,https://github.com/OpenRA/OpenRA/,https://github.com/ABrandau/OpenRA
205,https://github.com/OpenRA/OpenRA/,https://github.com/agrecascino/OpenRA
206,https://github.com/OpenRA/OpenRA/,https://github.com/aperkins81/OpenRA
207,https://github.com/OpenRA/OpenRA/,https://github.com/BangL/OpenRA
208,https://github.com/OpenRA/OpenRA/,https://github.com/bean601/OpenRA
209,https://github.com/OpenRA/OpenRA/,https://github.com/Berzeger/OpenRA
210,https://github.com/OpenRA/OpenRA/,https://github.com/blackhandcommando/OpenRA
211,https://github.com/OpenRA/OpenRA/,https://github.com/brandonchristen/OpenRA
212,https://github.com/OpenRA/OpenRA/,https://github.com/bryanwilbur/OpenRA
213,https://github.com/OpenRA/OpenRA/,https://github.com/chovynz/OpenRA
214,https://github.com/OpenRA/OpenRA/,https://github.com/williampk/OpenRA
215,https://github.com/OpenRA/OpenRA/,https://github.com/Comanche93/OpenRA
216,https://github.com/OpenRA/OpenRA/,https://github.com/cooljack2007/OpenRA
217,https://github.com/OpenRA/OpenRA/,https://github.com/cyanskies/OpenRA
218,https://github.com/OpenRA/OpenRA/,https://github.com/Dakror/OpenRA
219,https://github.com/OpenRA/OpenRA/,https://github.com/Softbelly/OpenRA
220,https://github.com/OpenRA/OpenRA/,https://github.com/dimsomeguy/OpenRA
221,https://github.com/OpenRA/OpenRA/,https://github.com/Drewh857/OpenRA
222,https://github.com/OpenRA/OpenRA/,https://github.com/DrMelon/OpenRA
223,https://github.com/OpenRA/OpenRA/,https://github.com/DSSDevelopment/OpenRA
224,https://github.com/OpenRA/OpenRA/,https://github.com/earthpig/OpenRA-ep
225,https://github.com/OpenRA/OpenRA/,https://github.com/embix/OpenRA
226,https://github.com/OpenRA/OpenRA/,https://github.com/EndlessEden/OpenRA
227,https://github.com/OpenRA/OpenRA/,https://github.com/epicelite/OpenRA
228,https://github.com/OpenRA/OpenRA/,https://github.com/fadyanwar/OpenRA
229,https://github.com/OpenRA/OpenRA/,https://github.com/FMode/OpenRA
230,https://github.com/OpenRA/OpenRA/,https://github.com/forcecore/OpenRA
231,https://github.com/OpenRA/OpenRA/,https://github.com/geckosoft/OpenRA
232,https://github.com/OpenRA/OpenRA/,https://github.com/Generalcamo/OpenRA
233,https://github.com/OpenRA/OpenRA/,https://github.com/GHackAnonymous/OpenRA
234,https://github.com/OpenRA/OpenRA/,https://github.com/gitTerebi/OpenRA
235,https://github.com/OpenRA/OpenRA/,https://github.com/GraionDilach/OpenRA
236,https://github.com/OpenRA/OpenRA/,https://github.com/DoGyAUT/OpenRA
237,https://github.com/OpenRA/OpenRA/,https://github.com/Gerseras/OpenRA
238,https://github.com/OpenRA/OpenRA/,https://github.com/GSVIPER/OpenRA
239,https://github.com/OpenRA/OpenRA/,https://github.com/HKingz/OpenRA
240,https://github.com/OpenRA/OpenRA/,https://github.com/Holloweye/OpenRA
241,https://github.com/OpenRA/OpenRA/,https://github.com/isemantics/OpenRA
242,https://github.com/OpenRA/OpenRA/,https://github.com/jeff-1amstudios/OpenRA
243,https://github.com/OpenRA/OpenRA/,https://github.com/jimmywatson/OpenRA
244,https://github.com/OpenRA/OpenRA/,https://github.com/jtyle6/OpenRA
245,https://github.com/OpenRA/OpenRA/,https://github.com/just-some-tall-bloke/OpenRA
246,https://github.com/OpenRA/OpenRA/,https://github.com/Kaito-Kid/OpenRA
247,https://github.com/OpenRA/OpenRA/,https://github.com/KAmaia/OpenRA
248,https://github.com/OpenRA/OpenRA/,https://github.com/katzsmile/OpenRA
249,https://github.com/OpenRA/OpenRA/,https://github.com/AxelStripe/OpenRA
250,https://github.com/OpenRA/OpenRA/,https://github.com/kekekeks/OpenRA
251,https://github.com/OpenRA/OpenRA/,https://github.com/kesh52/OpenRA
252,https://github.com/OpenRA/OpenRA/,https://github.com/kyrreso/OpenRA
253,https://github.com/OpenRA/OpenRA/,https://github.com/leonardoaxe/OpenRA
254,https://github.com/OpenRA/OpenRA/,https://github.com/Lyra1337/OpenRA
255,https://github.com/OpenRA/OpenRA/,https://github.com/mvi/OpenRA
256,https://github.com/OpenRA/OpenRA/,https://github.com/markolson/OpenRA
257,https://github.com/OpenRA/OpenRA/,https://github.com/mart0258/OpenRA
258,https://github.com/OpenRA/OpenRA/,https://github.com/maruchinu/OpenRA
259,https://github.com/OpenRA/OpenRA/,https://github.com/pdovy/OpenRA
260,https://github.com/OpenRA/OpenRA/,https://github.com/mazarf/OpenRA
261,https://github.com/OpenRA/OpenRA/,https://github.com/mCNewbery/OpenRA
262,https://github.com/OpenRA/OpenRA/,https://github.com/mgatland/OpenRA
263,https://github.com/OpenRA/OpenRA/,https://github.com/Mirey/OpenRA
264,https://github.com/OpenRA/OpenRA/,https://github.com/Mknsri/OpenRA
265,https://github.com/OpenRA/OpenRA/,https://github.com/mtarranger/OpenRA
266,https://github.com/OpenRA/OpenRA/,https://github.com/multicoder/OpenRA
267,https://github.com/OpenRA/OpenRA/,https://github.com/MutterOberin/OpenRA
268,https://github.com/OpenRA/OpenRA/,https://github.com/Nangal/OpenRA
269,https://github.com/OpenRA/OpenRA/,https://github.com/netolopes27/OpenRA
270,https://github.com/OpenRA/OpenRA/,https://github.com/nevelis/OpenRA
271,https://github.com/OpenRA/OpenRA/,https://github.com/noyanbaykal/OpenRA
272,https://github.com/OpenRA/OpenRA/,https://github.com/OmegaBolt/OpenRA
273,https://github.com/OpenRA/OpenRA/,https://github.com/peeto/OpenRA
274,https://github.com/OpenRA/OpenRA/,https://github.com/phrohdoh/OpenRA
275,https://github.com/OpenRA/OpenRA/,https://github.com/Blackbird88/OpenRA
276,https://github.com/OpenRA/OpenRA/,https://github.com/tomsons26/OpenRA
277,https://github.com/OpenRA/OpenRA/,https://github.com/psydev/OpenRA
278,https://github.com/OpenRA/OpenRA/,https://github.com/rberg1897/OpenRA
279,https://github.com/OpenRA/OpenRA/,https://github.com/s7jones/OpenRA
280,https://github.com/OpenRA/OpenRA/,https://github.com/SamRH/OpenRA
281,https://github.com/OpenRA/OpenRA/,https://github.com/sandman55/OpenRA
282,https://github.com/OpenRA/OpenRA/,https://github.com/ScottNZ/OpenRA
283,https://github.com/OpenRA/OpenRA/,https://github.com/Sithil-F/OpenRA
284,https://github.com/OpenRA/OpenRA/,https://github.com/Smilex/OpenRA
285,https://github.com/OpenRA/OpenRA/,https://github.com/SoftEngGroup/OpenRAGroup
286,https://github.com/OpenRA/OpenRA/,https://github.com/Squiggles211/OpenRA
287,https://github.com/OpenRA/OpenRA/,https://github.com/steadyfield/OpenRA
288,https://github.com/OpenRA/OpenRA/,https://github.com/subspace-zz/OpenRA
289,https://github.com/OpenRA/OpenRA/,https://github.com/SzabKel/OpenRA
290,https://github.com/OpenRA/OpenRA/,https://github.com/Templarfreak/OpenRA
291,https://github.com/OpenRA/OpenRA/,https://github.com/ThomasPfeiffer/OpenRA
292,https://github.com/OpenRA/OpenRA/,https://github.com/timbo-nz/OpenRA
293,https://github.com/OpenRA/OpenRA/,https://github.com/tralivali1234/OpenRA
294,https://github.com/OpenRA/OpenRA/,https://github.com/Turupawn/OpenRA
295,https://github.com/OpenRA/OpenRA/,https://github.com/UpRooster/OpenRA
296,https://github.com/OpenRA/OpenRA/,https://github.com/Valkirie/OpenRA
297,https://github.com/OpenRA/OpenRA/,https://github.com/veniora/OpenRA
298,https://github.com/OpenRA/OpenRA/,https://github.com/crao005/OpenRA
299,https://github.com/OpenRA/OpenRA/,https://github.com/vnvizitiu/OpenRA
300,https://github.com/OpenRA/OpenRA/,https://github.com/VrKomarov/OpenRA
301,https://github.com/OpenRA/OpenRA/,https://github.com/w0277831/OpenRA
302,https://github.com/OpenRA/OpenRA/,https://github.com/w0404884/OpenRA
303,https://github.com/OpenRA/OpenRA/,https://github.com/dontdropmybass/OpenRA
304,https://github.com/OpenRA/OpenRA/,https://github.com/w0293156/OpenRA
305,https://github.com/OpenRA/OpenRA/,https://github.com/ztmr/OpenRA
306,https://github.com/ppy/osu/,https://github.com/Acivev/osu
307,https://github.com/ppy/osu/,https://github.com/afichemist/osu
308,https://github.com/ppy/osu/,https://github.com/ahyar4y/osu
309,https://github.com/ppy/osu/,https://github.com/Aikoyori/osu
310,https://github.com/ppy/osu/,https://github.com/alvnfaiz/osu
311,https://github.com/ppy/osu/,https://github.com/AmanoTooko/osu
